timestamp_ms,sample_index,ldr_raw,led_state,active_mode,scenario_tag
0,0,0,1,1,steady_dark
100,1,0,1,1,steady_dark
200,2,0,1,1,steady_dark
300,3,0,1,1,steady_dark
400,4,0,1,1,steady_dark
500,5,0,1,1,steady_dark
600,6,0,1,1,steady_dark
700,7,0,1,1,steady_dark
800,8,0,1,1,steady_dark
900,9,0,1,1,steady_dark
1000,10,0,0,1,steady_dark
1100,11,0,0,1,steady_dark
1200,12,0,0,1,steady_dark
1300,13,0,0,1,steady_dark
1400,14,0,0,1,steady_dark
1500,15,0,0,1,steady_dark
1600,16,0,0,1,steady_dark
1700,17,0,0,1,steady_dark
1800,18,0,0,1,steady_dark
1900,19,0,0,1,steady_dark
2000,20,0,0,1,steady_dark
2100,21,0,0,1,steady_dark
2200,22,0,0,1,steady_dark
2300,23,0,0,1,steady_dark
2400,24,0,0,1,steady_dark
2500,25,0,0,1,steady_dark
2600,26,0,0,1,steady_dark
2700,27,0,0,1,steady_dark
2800,28,0,0,1,steady_dark
2900,29,0,0,1,steady_dark
3000,30,0,0,1,steady_dark
3100,31,0,0,1,steady_dark
3200,32,0,0,1,steady_dark
3300,33,0,0,1,steady_dark
3400,34,0,0,1,steady_dark
3500,35,0,0,1,steady_dark
3600,36,0,1,1,steady_dark
3700,37,0,1,1,steady_dark
3800,38,0,1,1,steady_dark
3900,39,0,1,1,steady_dark
4000,40,0,1,1,steady_dark
4100,41,0,1,1,steady_dark
4200,42,0,1,1,steady_dark
4300,43,0,1,1,steady_dark
4400,44,0,1,1,steady_dark
4500,45,0,1,1,steady_dark
4600,46,0,0,1,steady_dark
4700,47,0,0,1,steady_dark
4800,48,0,0,1,steady_dark
4900,49,0,0,1,steady_dark
5000,50,0,0,1,steady_dark
5105,51,0,0,1,steady_dark
5200,52,1,0,1,transition_dark_to_light
5300,53,0,0,1,transition_light_to_dark
5400,54,0,0,1,steady_dark
5500,55,0,0,1,steady_dark
5600,56,0,0,1,steady_dark
5700,57,0,0,1,steady_dark
5800,58,0,0,1,steady_dark
5900,59,0,0,1,steady_dark
6000,60,1,0,1,transition_dark_to_light
6100,61,1,0,1,steady_light
6200,62,1,0,1,steady_light
6300,63,1,0,1,steady_light
6400,64,1,0,1,steady_light
6500,65,1,0,1,steady_light
6600,66,1,0,1,steady_light
6700,67,1,0,1,steady_light
6800,68,1,0,1,steady_light
6900,69,1,0,1,steady_light
7000,70,1,0,1,steady_light
7100,71,1,0,1,steady_light
7200,72,1,0,1,steady_light
7300,73,1,0,1,steady_light
7400,74,1,0,1,steady_light
7500,75,1,0,1,steady_light
7600,76,1,0,1,steady_light
7700,77,1,0,1,steady_light
7800,78,1,0,1,steady_light
7900,79,1,0,1,steady_light
8000,80,1,0,1,steady_light
8100,81,1,0,1,steady_light
8200,82,1,0,1,steady_light
8300,83,1,0,1,steady_light
8400,84,1,0,1,steady_light
8500,85,1,0,1,steady_light
8600,86,1,0,1,steady_light
8700,87,1,0,0,steady_light
8800,88,1,0,0,steady_light
8900,89,1,0,0,steady_light
9000,90,1,0,0,steady_light
9100,91,1,0,0,steady_light
9200,92,1,0,0,steady_light
9300,93,1,0,0,steady_light
9400,94,1,0,0,steady_light
9500,95,1,0,0,steady_light
9600,96,1,0,0,steady_light
9700,97,1,0,0,steady_light
9800,98,1,0,0,steady_light
9900,99,1,0,0,steady_light
10000,100,1,0,0,steady_light
10100,101,1,0,0,steady_light
10200,102,1,0,0,steady_light
10300,103,1,0,0,steady_light
10400,104,1,0,0,steady_light
10500,105,1,0,0,steady_light
10600,106,1,0,0,steady_light
10700,107,1,0,0,steady_light
10800,108,1,0,0,steady_light
10900,109,1,0,0,steady_light
11000,110,1,0,0,steady_light
11100,111,1,0,0,steady_light
11200,112,1,0,0,steady_light
11300,113,1,0,0,steady_light
11400,114,1,0,0,steady_light
11500,115,1,0,0,steady_light
11600,116,0,1,1,transition_light_to_dark
11700,117,1,1,1,transition_dark_to_light
11800,118,1,1,1,steady_light
11900,119,1,1,1,steady_light
12000,120,1,1,1,steady_light
12100,121,1,1,1,steady_light
12202,122,0,1,1,transition_light_to_dark
12307,123,1,1,1,transition_dark_to_light
12410,124,0,1,1,transition_light_to_dark
12500,125,0,1,1,steady_dark
12600,126,0,0,1,steady_dark
12700,127,0,0,1,steady_dark
12804,128,0,0,1,steady_dark
12900,129,1,0,1,transition_dark_to_light
13000,130,0,0,1,transition_light_to_dark
13100,131,0,0,1,steady_dark
13200,132,0,0,1,steady_dark
13300,133,0,0,1,steady_dark
13400,134,0,0,1,steady_dark
13500,135,0,0,1,steady_dark
13600,136,0,0,1,steady_dark
13700,137,0,0,1,steady_dark
13800,138,0,0,1,steady_dark
13900,139,0,0,1,steady_dark
14000,140,0,0,1,steady_dark
14100,141,0,0,1,steady_dark
14200,142,0,0,1,steady_dark
14300,143,0,0,1,steady_dark
14400,144,0,0,1,steady_dark
14500,145,0,0,1,steady_dark
14600,146,0,0,1,steady_dark
14700,147,0,0,1,steady_dark
14800,148,0,0,1,steady_dark
14900,149,0,1,1,steady_dark
15000,150,0,1,1,steady_dark
15100,151,0,1,1,steady_dark
15200,152,0,1,1,steady_dark
15300,153,0,1,1,steady_dark
15400,154,0,1,1,steady_dark
15500,155,0,1,1,steady_dark
15600,156,0,1,1,steady_dark
15700,157,0,1,1,steady_dark
15800,158,0,1,1,steady_dark
15900,159,0,1,1,steady_dark
16000,160,0,0,1,steady_dark
16100,161,0,0,1,steady_dark
16200,162,0,0,1,steady_dark
16300,163,0,0,1,steady_dark
16400,164,0,0,1,steady_dark
16500,165,0,0,1,steady_dark
16600,166,0,0,1,steady_dark
16700,167,0,0,1,steady_dark
16800,168,0,0,1,steady_dark
16900,169,0,0,1,steady_dark
17000,170,0,0,1,steady_dark
17100,171,0,0,1,steady_dark
17200,172,0,0,1,steady_dark
17300,173,0,0,1,steady_dark
17400,174,0,0,1,steady_dark
17500,175,0,0,1,steady_dark
17600,176,0,0,1,steady_dark
17700,177,0,0,1,steady_dark
17800,178,0,0,1,steady_dark
17900,179,0,0,1,steady_dark
18000,180,0,0,1,steady_dark
18100,181,0,0,1,steady_dark
18200,182,1,0,1,transition_dark_to_light
18300,183,1,0,1,steady_light
18400,184,1,0,1,steady_light
18500,185,1,0,1,steady_light
18600,186,1,0,1,steady_light
18700,187,1,0,1,steady_light
18800,188,1,0,1,steady_light
18900,189,0,0,1,transition_light_to_dark
19000,190,0,0,1,steady_dark
19100,191,0,0,1,steady_dark
19200,192,0,0,1,steady_dark
19300,193,0,0,1,steady_dark
19400,194,0,1,1,steady_dark
19500,195,0,1,1,steady_dark
19600,196,0,1,1,steady_dark
19700,197,0,1,1,steady_dark
19802,198,1,1,1,transition_dark_to_light
19900,199,1,1,1,steady_light
20000,200,1,1,1,steady_light
20100,201,1,1,1,steady_light
20200,202,1,1,1,steady_light
20300,203,1,1,1,steady_light
20400,204,1,1,1,steady_light
20500,205,1,0,1,steady_light
20600,206,1,0,1,steady_light
20700,207,1,0,1,steady_light
20800,208,1,0,1,steady_light
20900,209,1,0,1,steady_light
21000,210,1,0,1,steady_light
21100,211,1,0,1,steady_light
21200,212,1,0,1,steady_light
21300,213,1,0,1,steady_light
21400,214,1,0,1,steady_light
21500,215,1,0,1,steady_light
21600,216,1,0,1,steady_light
21700,217,1,0,1,steady_light
21800,218,1,0,1,steady_light
21900,219,1,0,1,steady_light
22000,220,1,0,1,steady_light
22100,221,1,0,1,steady_light
22200,222,1,0,1,steady_light
22300,223,1,0,1,steady_light
22400,224,1,0,1,steady_light
22500,225,1,0,1,steady_light
22600,226,1,0,1,steady_light
22700,227,1,0,1,steady_light
22800,228,1,0,1,steady_light
22900,229,1,0,1,steady_light
23000,230,1,0,1,steady_light
23100,231,1,0,1,steady_light
23200,232,1,0,1,steady_light
23300,233,1,0,1,steady_light
23400,234,1,0,1,steady_light
23500,235,1,0,1,steady_light
23600,236,1,0,1,steady_light
23700,237,1,0,1,steady_light
23800,238,1,0,1,steady_light
23900,239,1,0,1,steady_light
24000,240,1,0,1,steady_light
24100,241,1,0,1,steady_light
24200,242,1,0,1,steady_light
24300,243,1,0,1,steady_light
24400,244,1,0,1,steady_light
24500,245,1,0,1,steady_light
24600,246,1,0,1,steady_light
24700,247,1,0,1,steady_light
24800,248,1,0,1,steady_light
24900,249,1,0,0,steady_light
25000,250,1,0,0,steady_light
25100,251,1,0,0,steady_light
25200,252,1,0,0,steady_light
25300,253,1,0,0,steady_light
25400,254,1,0,0,steady_light
25500,255,1,0,0,steady_light
25600,256,1,0,0,steady_light
25700,257,1,0,0,steady_light
25800,258,1,0,0,steady_light
25900,259,1,0,0,steady_light
26000,260,1,0,0,steady_light
26100,261,1,0,0,steady_light
26200,262,1,0,0,steady_light
26300,263,1,0,0,steady_light
26400,264,1,0,0,steady_light
26500,265,1,0,0,steady_light
26600,266,1,0,0,steady_light
26700,267,1,0,0,steady_light
26800,268,1,0,0,steady_light
26900,269,1,0,0,steady_light
27000,270,1,0,0,steady_light
27100,271,1,0,0,steady_light
27200,272,1,0,0,steady_light
27300,273,0,1,1,transition_light_to_dark
27400,274,0,1,1,steady_dark
27500,275,0,1,1,steady_dark
27600,276,0,1,1,steady_dark
27700,277,0,1,1,steady_dark
27800,278,0,1,1,steady_dark
27900,279,0,1,1,steady_dark
28000,280,0,1,1,steady_dark
28100,281,0,1,1,steady_dark
28200,282,0,1,1,steady_dark
28300,283,0,0,1,steady_dark
28400,284,0,0,1,steady_dark
28500,285,0,0,1,steady_dark
28600,286,0,0,1,steady_dark
28700,287,0,0,1,steady_dark
28800,288,0,0,1,steady_dark
28900,289,0,0,1,steady_dark
29000,290,0,0,1,steady_dark
29100,291,0,0,1,steady_dark
29200,292,0,0,1,steady_dark
29300,293,0,0,1,steady_dark
29400,294,0,0,1,steady_dark
29500,295,0,0,1,steady_dark
29600,296,0,0,1,steady_dark
29700,297,0,0,1,steady_dark
29800,298,0,0,1,steady_dark
29900,299,0,0,1,steady_dark
30000,300,0,0,1,steady_dark
30100,301,0,0,1,steady_dark
30200,302,0,0,1,steady_dark
30300,303,0,0,1,steady_dark
30400,304,0,0,1,steady_dark
30500,305,0,0,1,steady_dark
30600,306,0,0,1,steady_dark
30700,307,0,0,1,steady_dark
30800,308,0,0,1,steady_dark
30900,309,0,0,1,steady_dark
31000,310,0,0,1,steady_dark
31100,311,0,0,1,steady_dark
31200,312,0,0,1,steady_dark
31300,313,0,0,1,steady_dark
31400,314,0,0,1,steady_dark
31500,315,0,0,1,steady_dark
31600,316,0,0,1,steady_dark
31700,317,0,0,1,steady_dark
31800,318,0,0,1,steady_dark
31900,319,0,0,1,steady_dark
32000,320,0,0,1,steady_dark
32100,321,0,0,1,steady_dark
32200,322,0,0,1,steady_dark
32300,323,0,0,1,steady_dark
32400,324,0,0,1,steady_dark
32500,325,0,0,1,steady_dark
32600,326,0,0,1,steady_dark
32700,327,0,0,1,steady_dark
32800,328,0,0,1,steady_dark
32900,329,0,0,1,steady_dark
33000,330,0,0,1,steady_dark
33100,331,0,1,1,steady_dark
33200,332,0,1,1,steady_dark
33300,333,0,1,1,steady_dark
33400,334,0,1,1,steady_dark
33500,335,0,1,1,steady_dark
33600,336,0,1,1,steady_dark
33700,337,0,1,1,steady_dark
33800,338,0,1,1,steady_dark
33900,339,0,1,1,steady_dark
34000,340,0,1,1,steady_dark
34100,341,0,0,1,steady_dark
34200,342,0,0,1,steady_dark
34300,343,0,0,1,steady_dark
34400,344,0,0,1,steady_dark
34500,345,0,0,1,steady_dark
34600,346,0,0,1,steady_dark
34700,347,0,0,1,steady_dark
34800,348,0,0,1,steady_dark
34900,349,0,0,1,steady_dark
35000,350,0,0,1,steady_dark
35100,351,0,0,1,steady_dark
35200,352,0,0,1,steady_dark
35300,353,0,0,1,steady_dark
35400,354,0,0,1,steady_dark
35500,355,0,0,1,steady_dark
35600,356,0,0,1,steady_dark
35700,357,0,0,1,steady_dark
35800,358,0,0,1,steady_dark
35900,359,0,0,1,steady_dark
36000,360,0,0,1,steady_dark
36100,361,0,0,1,steady_dark
36200,362,0,0,1,steady_dark
36300,363,0,0,1,steady_dark
36400,364,0,0,1,steady_dark
36500,365,0,0,1,steady_dark
36600,366,0,0,1,steady_dark
36700,367,0,0,1,steady_dark
36800,368,0,0,1,steady_dark
36900,369,0,0,1,steady_dark
37000,370,0,0,1,steady_dark
37100,371,0,0,1,steady_dark
37200,372,0,0,1,steady_dark
37300,373,0,0,1,steady_dark
37400,374,0,0,1,steady_dark
37500,375,0,0,1,steady_dark
37600,376,0,0,1,steady_dark
37700,377,0,0,1,steady_dark
37800,378,0,0,1,steady_dark
37900,379,0,0,1,steady_dark
38000,380,0,0,1,steady_dark
38100,381,0,1,1,steady_dark
38200,382,0,1,1,steady_dark
38300,383,0,1,1,steady_dark
38400,384,0,1,1,steady_dark
38500,385,0,1,1,steady_dark
38600,386,0,1,1,steady_dark
38700,387,0,1,1,steady_dark
38800,388,0,1,1,steady_dark
38900,389,0,1,1,steady_dark
39000,390,0,1,1,steady_dark
39100,391,0,0,1,steady_dark
39200,392,0,0,1,steady_dark
39300,393,0,0,1,steady_dark
39400,394,0,0,1,steady_dark
39500,395,0,0,1,steady_dark
39600,396,0,0,1,steady_dark
39700,397,0,0,1,steady_dark
39800,398,0,0,1,steady_dark
39900,399,0,0,1,steady_dark
40000,400,0,0,1,steady_dark
40100,401,0,0,1,steady_dark
40200,402,0,0,1,steady_dark
40300,403,0,0,1,steady_dark
40400,404,0,0,1,steady_dark
40500,405,0,0,1,steady_dark
40600,406,0,0,1,steady_dark
40700,407,0,0,1,steady_dark
40800,408,0,0,1,steady_dark
40900,409,0,0,1,steady_dark
41000,410,0,0,1,steady_dark
41100,411,0,0,1,steady_dark
41200,412,0,1,1,steady_dark
41300,413,0,1,1,steady_dark
41400,414,0,1,1,steady_dark
41500,415,0,1,1,steady_dark
41600,416,0,1,1,steady_dark
41700,417,0,1,1,steady_dark
41800,418,0,1,1,steady_dark
41900,419,0,1,1,steady_dark
42000,420,0,1,1,steady_dark
42100,421,0,1,1,steady_dark
42200,422,0,1,1,steady_dark
42300,423,0,0,1,steady_dark
42400,424,0,0,1,steady_dark
42500,425,0,0,1,steady_dark
42600,426,0,0,1,steady_dark
42700,427,0,0,1,steady_dark
42800,428,0,0,1,steady_dark
42900,429,0,0,1,steady_dark
43000,430,0,0,1,steady_dark
43100,431,0,0,1,steady_dark
43200,432,0,0,1,steady_dark
43300,433,0,0,1,steady_dark
43400,434,0,0,1,steady_dark
43500,435,0,0,1,steady_dark
43600,436,0,0,1,steady_dark
43700,437,0,0,1,steady_dark
43800,438,0,0,1,steady_dark
43900,439,0,0,1,steady_dark
44000,440,0,0,1,steady_dark
44100,441,0,0,1,steady_dark
44200,442,0,0,1,steady_dark
44300,443,0,0,1,steady_dark
44400,444,0,0,1,steady_dark
44500,445,0,0,1,steady_dark
44600,446,0,0,1,steady_dark
44700,447,0,0,1,steady_dark
44800,448,0,0,1,steady_dark
44900,449,0,0,1,steady_dark
45000,450,0,0,1,steady_dark
45100,451,0,0,1,steady_dark
45200,452,0,0,1,steady_dark
45300,453,0,0,1,steady_dark
45400,454,0,0,1,steady_dark
45500,455,0,0,1,steady_dark
45600,456,0,0,1,steady_dark
45700,457,0,0,1,steady_dark
45800,458,0,0,1,steady_dark
45900,459,0,0,1,steady_dark
46000,460,0,0,1,steady_dark
46100,461,0,0,1,steady_dark
46200,462,0,0,1,steady_dark
46300,463,0,0,1,steady_dark
46400,464,0,0,1,steady_dark
46500,465,0,0,1,steady_dark
46600,466,0,0,1,steady_dark
46700,467,0,0,1,steady_dark
46800,468,0,0,1,steady_dark
46900,469,0,0,1,steady_dark
47000,470,0,0,1,steady_dark
47100,471,0,0,1,steady_dark
47200,472,0,1,1,steady_dark
47300,473,0,1,1,steady_dark
47400,474,0,1,1,steady_dark
47500,475,0,1,1,steady_dark
47600,476,0,1,1,steady_dark
47700,477,0,1,1,steady_dark
47800,478,0,1,1,steady_dark
47900,479,0,1,1,steady_dark
48000,480,0,1,1,steady_dark
48100,481,0,1,1,steady_dark
48200,482,0,1,1,steady_dark
48300,483,0,0,1,steady_dark
48400,484,0,0,1,steady_dark
48500,485,0,0,1,steady_dark
48600,486,0,0,1,steady_dark
48700,487,0,0,1,steady_dark
48800,488,0,0,1,steady_dark
48900,489,0,0,1,steady_dark
49000,490,0,0,1,steady_dark
49100,491,0,0,1,steady_dark
49200,492,0,0,1,steady_dark
49300,493,0,0,1,steady_dark
49400,494,0,0,1,steady_dark
49500,495,0,0,1,steady_dark
49600,496,0,0,1,steady_dark
49700,497,0,0,1,steady_dark
49800,498,0,0,1,steady_dark
49900,499,0,0,1,steady_dark
50000,500,0,0,1,steady_dark
50100,501,0,0,1,steady_dark
50200,502,1,0,1,transition_dark_to_light
50300,503,1,0,1,steady_light
50400,504,0,0,1,transition_light_to_dark
50500,505,0,0,1,steady_dark
50600,506,0,0,1,steady_dark
50700,507,0,0,1,steady_dark
50800,508,0,0,1,steady_dark
50900,509,0,0,1,steady_dark
51000,510,0,0,1,steady_dark
51100,511,0,0,1,steady_dark
51200,512,0,0,1,steady_dark
51300,513,0,0,1,steady_dark
51400,514,0,0,1,steady_dark
51500,515,0,0,1,steady_dark
51600,516,0,0,1,steady_dark
51700,517,0,0,1,steady_dark
51800,518,0,1,1,steady_dark
51900,519,0,1,1,steady_dark
52000,520,0,1,1,steady_dark
52100,521,1,1,1,transition_dark_to_light
52200,522,1,1,1,steady_light
52300,523,1,1,1,steady_light
52400,524,1,1,1,steady_light
52500,525,1,1,1,steady_light
52600,526,1,1,1,steady_light
52700,527,1,1,1,steady_light
52800,528,1,1,1,steady_light
52900,529,1,0,1,steady_light
53000,530,1,0,1,steady_light
53100,531,1,0,1,steady_light
53200,532,1,0,1,steady_light
53300,533,1,0,1,steady_light
53400,534,1,0,1,steady_light
53500,535,1,0,1,steady_light
53600,536,1,0,1,steady_light
53700,537,1,0,1,steady_light
53800,538,1,0,1,steady_light
53900,539,1,0,1,steady_light
54000,540,1,0,1,steady_light
54100,541,1,0,1,steady_light
54200,542,1,0,1,steady_light
54300,543,1,0,1,steady_light
54400,544,1,0,1,steady_light
54500,545,1,0,1,steady_light
54600,546,1,0,1,steady_light
54700,547,1,0,1,steady_light
54800,548,1,0,1,steady_light
54900,549,1,0,1,steady_light
55000,550,1,0,1,steady_light
55100,551,1,0,1,steady_light
55200,552,1,0,1,steady_light
55300,553,1,0,1,steady_light
55400,554,1,0,1,steady_light
55500,555,1,0,1,steady_light
55600,556,1,0,1,steady_light
55700,557,1,0,1,steady_light
55800,558,1,0,1,steady_light
55900,559,1,0,1,steady_light
56000,560,1,0,1,steady_light
56100,561,1,0,1,steady_light
56200,562,1,0,1,steady_light
56300,563,1,0,1,steady_light
56400,564,1,0,1,steady_light
56500,565,1,0,1,steady_light
56600,566,1,0,1,steady_light
56700,567,1,0,0,steady_light
56800,568,1,0,0,steady_light
56900,569,1,0,0,steady_light
57000,570,1,0,0,steady_light
57100,571,1,0,0,steady_light
57200,572,1,0,0,steady_light
57300,573,1,0,0,steady_light
57400,574,1,0,0,steady_light
57500,575,1,0,0,steady_light
57600,576,1,0,0,steady_light
57700,577,1,0,0,steady_light
57800,578,0,1,1,transition_light_to_dark
57900,579,1,1,1,transition_dark_to_light
58000,580,1,1,1,steady_light
58100,581,1,1,1,steady_light
58200,582,1,1,1,steady_light
58300,583,1,1,1,steady_light
58400,584,1,1,1,steady_light
58500,585,1,1,1,steady_light
58600,586,1,1,1,steady_light
58700,587,1,1,1,steady_light
58800,588,1,1,1,steady_light
58900,589,1,0,1,steady_light
59000,590,1,0,1,steady_light
59100,591,0,0,1,transition_light_to_dark
59200,592,0,0,1,steady_dark
59300,593,0,0,1,steady_dark
59404,594,0,0,1,steady_dark
59523,595,0,0,1,steady_dark
59600,596,0,0,1,steady_dark
59700,597,0,0,1,steady_dark
59800,598,0,0,1,steady_dark
59900,599,0,0,1,steady_dark
60001,600,0,0,1,steady_dark
60100,601,0,0,1,steady_dark
60200,602,0,0,1,steady_dark
60300,603,0,0,1,steady_dark
60400,604,0,0,1,steady_dark
60500,605,0,0,1,steady_dark
60600,606,0,0,1,steady_dark
60700,607,0,0,1,steady_dark
60800,608,0,0,1,steady_dark
60900,609,0,0,1,steady_dark
61000,610,0,0,1,steady_dark
61100,611,0,0,1,steady_dark
61200,612,0,0,1,steady_dark
61300,613,0,0,1,steady_dark
61400,614,0,0,1,steady_dark
61500,615,0,0,1,steady_dark
61600,616,0,0,1,steady_dark
61700,617,0,0,1,steady_dark
61800,618,1,0,1,transition_dark_to_light
61900,619,1,0,1,steady_light
62000,620,1,0,1,steady_light
62100,621,1,0,1,steady_light
62200,622,1,0,1,steady_light
62300,623,1,0,1,steady_light
62400,624,1,0,1,steady_light
62500,625,1,0,0,steady_light
62600,626,1,0,0,steady_light
62700,627,1,0,0,steady_light
62800,628,1,0,0,steady_light
62900,629,1,0,0,steady_light
63000,630,1,0,0,steady_light
63100,631,1,0,0,steady_light
63200,632,1,0,0,steady_light
63300,633,1,0,0,steady_light
63400,634,1,0,0,steady_light
63500,635,1,0,0,steady_light
63600,636,1,0,0,steady_light
63700,637,1,0,0,steady_light
63800,638,1,0,0,steady_light
63900,639,1,0,0,steady_light
64000,640,1,0,0,steady_light
64100,641,1,0,0,steady_light
64200,642,1,0,0,steady_light
64300,643,1,0,0,steady_light
64400,644,1,0,0,steady_light
64500,645,1,0,0,steady_light
64600,646,1,0,0,steady_light
64700,647,1,0,0,steady_light
64800,648,1,0,0,steady_light
64900,649,1,0,0,steady_light
65000,650,1,0,0,steady_light
65100,651,1,0,0,steady_light
65200,652,1,0,0,steady_light
65300,653,1,0,0,steady_light
65400,654,1,0,0,steady_light
65500,655,1,0,0,steady_light
65600,656,1,0,0,steady_light
65700,657,1,0,0,steady_light
65800,658,1,0,0,steady_light
65900,659,1,0,0,steady_light
66000,660,1,0,0,steady_light
66100,661,1,0,0,steady_light
66200,662,1,0,0,steady_light
66300,663,1,0,0,steady_light
66400,664,1,0,0,steady_light
66500,665,1,0,0,steady_light
66600,666,1,0,0,steady_light
66700,667,1,0,0,steady_light
66800,668,1,0,0,steady_light
66900,669,1,0,0,steady_light
67000,670,1,0,0,steady_light
67100,671,1,0,0,steady_light
67200,672,1,0,0,steady_light
67300,673,1,0,0,steady_light
67400,674,1,0,0,steady_light
67500,675,1,0,0,steady_light
67600,676,1,0,0,steady_light
67700,677,1,0,0,steady_light
67800,678,1,0,0,steady_light
67900,679,1,0,0,steady_light
68000,680,1,0,0,steady_light
68100,681,1,0,0,steady_light
68200,682,1,0,0,steady_light
68300,683,1,0,0,steady_light
68400,684,1,0,0,steady_light
68500,685,1,0,0,steady_light
68600,686,1,0,0,steady_light
68700,687,1,0,0,steady_light
68800,688,1,0,0,steady_light
68900,689,1,0,0,steady_light
69000,690,1,0,0,steady_light
69100,691,1,0,0,steady_light
69200,692,1,0,0,steady_light
69300,693,1,0,0,steady_light
69400,694,1,0,0,steady_light
69500,695,1,0,0,steady_light
69600,696,1,0,0,steady_light
69700,697,1,0,0,steady_light
69800,698,1,0,0,steady_light
69900,699,1,0,0,steady_light
70000,700,1,0,0,steady_light
70100,701,1,0,0,steady_light
70200,702,1,0,0,steady_light
70300,703,1,0,0,steady_light
70400,704,1,0,0,steady_light
70500,705,1,0,0,steady_light
70600,706,1,0,0,steady_light
70700,707,1,0,0,steady_light
70800,708,1,0,0,steady_light
70900,709,1,0,0,steady_light
71000,710,1,0,0,steady_light
71100,711,1,0,0,steady_light
71200,712,1,0,0,steady_light
71300,713,1,0,0,steady_light
71400,714,1,0,0,steady_light
71500,715,1,0,0,steady_light
71600,716,1,0,0,steady_light
71700,717,1,0,0,steady_light
71800,718,1,0,0,steady_light
71900,719,1,0,0,steady_light
72000,720,1,0,0,steady_light
72100,721,1,0,0,steady_light
72200,722,1,0,0,steady_light
72300,723,1,0,0,steady_light
72400,724,1,0,0,steady_light
72500,725,1,0,0,steady_light
72600,726,1,0,0,steady_light
72700,727,1,0,0,steady_light
72800,728,1,0,0,steady_light
72900,729,1,0,0,steady_light
73000,730,1,0,0,steady_light
73100,731,1,0,0,steady_light
73200,732,1,0,0,steady_light
73300,733,1,0,0,steady_light
73400,734,1,0,0,steady_light
73500,735,1,0,0,steady_light
73600,736,1,0,0,steady_light
73700,737,1,0,0,steady_light
73800,738,1,0,0,steady_light
73900,739,1,0,0,steady_light
74000,740,1,0,0,steady_light
74100,741,1,0,0,steady_light
74200,742,1,0,0,steady_light
74300,743,1,0,0,steady_light
74400,744,1,0,0,steady_light
74500,745,1,0,0,steady_light
74600,746,1,0,0,steady_light
74700,747,1,0,0,steady_light
74800,748,1,0,0,steady_light
74900,749,1,0,0,steady_light
75000,750,1,0,0,steady_light
75100,751,1,0,0,steady_light
75200,752,1,0,0,steady_light
75300,753,1,0,0,steady_light
75400,754,1,0,0,steady_light
75500,755,1,0,0,steady_light
75600,756,1,0,0,steady_light
75700,757,1,0,0,steady_light
75800,758,1,0,0,steady_light
75900,759,1,0,0,steady_light
76000,760,1,0,0,steady_light
76100,761,1,0,0,steady_light
76200,762,1,0,0,steady_light
76300,763,1,0,0,steady_light
76400,764,1,0,0,steady_light
76500,765,1,0,0,steady_light
76600,766,1,0,0,steady_light
76700,767,1,0,0,steady_light
76800,768,1,0,0,steady_light
76900,769,1,0,0,steady_light
77000,770,1,0,0,steady_light
77100,771,1,0,0,steady_light
77200,772,1,0,0,steady_light
77300,773,1,0,0,steady_light
77400,774,1,0,0,steady_light
77500,775,1,0,0,steady_light
77600,776,1,0,0,steady_light
77700,777,1,0,0,steady_light
77800,778,1,0,0,steady_light
77900,779,1,0,0,steady_light
78000,780,1,0,0,steady_light
78100,781,1,0,0,steady_light
78200,782,1,0,0,steady_light
78300,783,1,0,0,steady_light
78400,784,1,0,0,steady_light
78500,785,1,0,0,steady_light
78600,786,1,0,0,steady_light
78700,787,1,0,0,steady_light
78800,788,1,0,0,steady_light
78900,789,1,0,0,steady_light
79000,790,1,0,0,steady_light
79100,791,1,0,0,steady_light
79200,792,1,0,0,steady_light
79300,793,1,0,0,steady_light
79400,794,1,0,0,steady_light
79500,795,1,0,0,steady_light
79600,796,0,1,1,transition_light_to_dark
79700,797,0,1,1,steady_dark
79800,798,1,1,1,transition_dark_to_light
79900,799,1,1,1,steady_light
80000,800,1,1,1,steady_light
80100,801,1,1,1,steady_light
80200,802,1,1,1,steady_light
80300,803,1,1,1,steady_light
80400,804,1,1,1,steady_light
80500,805,0,1,1,transition_light_to_dark
80600,806,0,0,1,steady_dark
80700,807,0,0,1,steady_dark
80800,808,0,0,1,steady_dark
80900,809,0,0,1,steady_dark
81000,810,0,0,1,steady_dark
81100,811,0,0,1,steady_dark
81200,812,0,0,1,steady_dark
81300,813,0,0,1,steady_dark
81400,814,0,0,1,steady_dark
81500,815,0,0,1,steady_dark
81600,816,0,0,1,steady_dark
81700,817,0,0,1,steady_dark
81800,818,0,0,1,steady_dark
81900,819,0,0,1,steady_dark
82000,820,0,0,1,steady_dark
82100,821,0,0,1,steady_dark
82200,822,0,0,1,steady_dark
82300,823,0,0,1,steady_dark
82400,824,0,0,1,steady_dark
82500,825,0,0,1,steady_dark
82600,826,0,0,1,steady_dark
82700,827,0,0,1,steady_dark
82800,828,0,0,1,steady_dark
82900,829,0,0,1,steady_dark
83000,830,0,0,1,steady_dark
83100,831,0,0,1,steady_dark
83200,832,0,0,1,steady_dark
83300,833,0,0,1,steady_dark
83400,834,0,1,1,steady_dark
83500,835,0,1,1,steady_dark
83600,836,0,1,1,steady_dark
83700,837,0,1,1,steady_dark
83800,838,0,1,1,steady_dark
83900,839,0,1,1,steady_dark
84000,840,0,1,1,steady_dark
84100,841,0,1,1,steady_dark
84200,842,0,1,1,steady_dark
84300,843,0,1,1,steady_dark
84400,844,0,1,1,steady_dark
84500,845,0,0,1,steady_dark
84600,846,0,0,1,steady_dark
84700,847,0,0,1,steady_dark
84800,848,0,0,1,steady_dark
84900,849,0,0,1,steady_dark
85000,850,0,0,1,steady_dark
85100,851,0,0,1,steady_dark
85200,852,0,0,1,steady_dark
85300,853,0,0,1,steady_dark
85400,854,0,0,1,steady_dark
85500,855,0,0,1,steady_dark
85600,856,0,0,1,steady_dark
85700,857,0,0,1,steady_dark
85800,858,0,0,1,steady_dark
85900,859,0,0,1,steady_dark
86000,860,0,0,1,steady_dark
86100,861,0,0,1,steady_dark
86200,862,0,0,1,steady_dark
86300,863,0,0,1,steady_dark
86400,864,0,0,1,steady_dark
86500,865,0,0,1,steady_dark
86600,866,0,0,1,steady_dark
86700,867,0,0,1,steady_dark
86800,868,0,0,1,steady_dark
86900,869,0,0,1,steady_dark
87000,870,0,0,1,steady_dark
87100,871,0,0,1,steady_dark
87200,872,0,0,1,steady_dark
87300,873,0,1,1,steady_dark
87400,874,0,1,1,steady_dark
87500,875,0,1,1,steady_dark
87600,876,0,1,1,steady_dark
87700,877,0,1,1,steady_dark
87800,878,0,1,1,steady_dark
87900,879,0,1,1,steady_dark
88000,880,0,1,1,steady_dark
88100,881,0,1,1,steady_dark
88200,882,0,1,1,steady_dark
88300,883,0,1,1,steady_dark
88400,884,0,0,1,steady_dark
88500,885,0,0,1,steady_dark
88600,886,0,0,1,steady_dark
88700,887,0,0,1,steady_dark
88800,888,0,0,1,steady_dark
88900,889,0,0,1,steady_dark
89000,890,0,0,1,steady_dark
89100,891,0,0,1,steady_dark
89200,892,0,0,1,steady_dark
89300,893,0,0,1,steady_dark
89400,894,0,0,1,steady_dark
89500,895,0,0,1,steady_dark
89600,896,0,0,1,steady_dark
89700,897,0,0,1,steady_dark
89800,898,0,0,1,steady_dark
89900,899,0,0,1,steady_dark
90000,900,0,0,1,steady_dark
90100,901,1,0,1,transition_dark_to_light
90200,902,1,0,1,steady_light
90300,903,1,0,1,steady_light
90400,904,1,0,1,steady_light
90500,905,1,0,1,steady_light
90600,906,1,0,1,steady_light
90700,907,0,0,1,transition_light_to_dark
90800,908,0,0,1,steady_dark
90900,909,0,1,1,steady_dark
91000,910,0,1,1,steady_dark
91100,911,0,1,1,steady_dark
91200,912,0,1,1,steady_dark
91300,913,0,1,1,steady_dark
91400,914,0,1,1,steady_dark
91500,915,0,1,1,steady_dark
91600,916,0,1,1,steady_dark
91700,917,0,1,1,steady_dark
91800,918,0,1,1,steady_dark
91900,919,0,0,1,steady_dark
92000,920,0,0,1,steady_dark
92100,921,0,0,1,steady_dark
92200,922,0,0,1,steady_dark
92300,923,0,0,1,steady_dark
92400,924,0,0,1,steady_dark
92500,925,0,0,1,steady_dark
92600,926,0,0,1,steady_dark
92700,927,0,0,1,steady_dark
92800,928,0,0,1,steady_dark
92900,929,0,0,1,steady_dark
93000,930,0,0,1,steady_dark
93100,931,0,0,1,steady_dark
93200,932,0,0,1,steady_dark
93300,933,0,0,1,steady_dark
93400,934,0,0,1,steady_dark
93500,935,0,0,1,steady_dark
93600,936,0,0,1,steady_dark
93700,937,0,0,1,steady_dark
93800,938,0,0,1,steady_dark
93900,939,0,0,1,steady_dark
94000,940,0,0,1,steady_dark
94100,941,0,0,1,steady_dark
94200,942,0,0,1,steady_dark
